Method,Atom,Basis,Grid_Sph,Grid_Rad,"Energy,Ha",Iterations,DIIS,Damp_Start,Damp_End,Damp_Cutoff
TFW LDA,H,UGBS_S,6,1000,-0.243294,30,True,0.9,0.0,0.001
TFW LDA,He,UGBS_S,6,1000,-1.47745,52,True,0.9,0.0,0.001
TFW LDA,Li,UGBS_S,6,1000,-4.070028,74,True,0.9,0.0,0.001
TFW LDA,Be,UGBS_S,6,1000,-8.492186,77,True,0.9,0.0,0.001
TFW LDA,B,UGBS_S,6,1000,-14.88897,96,True,0.9,0.0,0.001
TFW LDA,C,UGBS_S,6,1000,-23.487434,113,True,0.9,0.0,0.001
TFW LDA,N,UGBS_S,6,1000,-34.468237,132,True,0.9,0.0,0.001
TFW LDA,O,UGBS_S,6,1000,-48.724465,141,True,0.9,0.0,0.001
TFW LDA,F,UGBS_S,6,1000,-65.732724,169,True,0.9,0.0,0.001
TFW LDA,Ne,UGBS_S,6,1000,-85.734446,129,True,0.9,0.0,0.001
TFW PBE,H,UGBS_S,6,1000,-0.263417,31,True,0.9,0.0,0.001
TFW PBE,He,UGBS_S,6,1000,-1.547985,51,True,0.9,0.0,0.001
TFW PBE,Li,UGBS_S,6,1000,-4.194061,82,True,0.9,0.0,0.001
TFW PBE,Be,UGBS_S,6,1000,-8.681694,74,True,0.9,0.0,0.001
TFW PBE,B,UGBS_S,6,1000,-15.145418,123,True,0.9,0.0,0.001
TFW PBE,C,UGBS_S,6,1000,-23.812886,107,True,0.9,0.0,0.001
TFW PBE,N,UGBS_S,6,1000,-34.864735,123,True,0.9,0.0,0.001
TFW PBE,O,UGBS_S,6,1000,-49.207223,241,True,0.9,0.0,0.001
TFW PBE,F,UGBS_S,6,1000,-66.30076,167,True,0.9,0.0,0.001
TFW PBE,Ne,UGBS_S,6,1000,-86.387928,120,True,0.9,0.0,0.001
TFW FA,H,UGBS_S,6,1000,-0.263808,30,True,0.9,0.0,0.001
TFW FA,He,UGBS_S,6,1000,-1.539225,55,True,0.9,0.0,0.001
TFW FA,Li,UGBS_S,6,1000,-4.055442,79,True,0.9,0.0,0.001
TFW FA,Be,UGBS_S,6,1000,-8.318528,76,True,0.9,0.0,0.001
TFW FA,B,UGBS_S,6,1000,-14.472785,97,True,0.9,0.0,0.001
TFW FA,C,UGBS_S,6,1000,-22.75378,108,True,0.9,0.0,0.001
TFW FA,N,UGBS_S,6,1000,-33.341834,123,True,0.9,0.0,0.001
TFW FA,O,UGBS_S,6,1000,-47.074203,132,True,0.9,0.0,0.001
TFW FA,F,UGBS_S,6,1000,-63.469677,179,True,0.9,0.0,0.001
TFW FA,Ne,UGBS_S,6,1000,-82.790109,132,True,0.9,0.0,0.001
TF0.333333W LDA,H,UGBS_S,6,1000,-0.389402,44,True,0.9,0.0,0.001
TF0.333333W LDA,He,UGBS_S,6,1000,-2.414978,106,True,0.9,0.0,0.001
TF0.333333W LDA,Li,UGBS_S,6,1000,-6.345962,139,True,0.9,0.0,0.001
TF0.333333W LDA,Be,UGBS_S,6,1000,-12.762758,115,True,0.9,0.0,0.001
TF0.333333W LDA,B,UGBS_S,6,1000,-21.851561,253,True,0.9,0.0,0.001
TF0.333333W LDA,C,UGBS_S,6,1000,-33.866228,461,True,0.9,0.0,0.0001
TF0.333333W LDA,N,UGBS_S,6,1000,-48.997021,354,True,0.9,0.9,0.0001
TF0.333333W LDA,O,UGBS_S,6,1000,-68.102884,360,True,0.9,0.9,0.0001
TF0.333333W LDA,F,UGBS_S,6,1000,-90.701767,1004,True,0.9,0.9,0.0001
TF0.333333W LDA,Ne,UGBS_S,6,1000,-117.075419,339,True,0.9,0.9,0.0001
TF0.333333W PBE,H,UGBS_S,6,1000,-0.422357,87,True,0.9,0.9,0.0001
TF0.333333W PBE,He,UGBS_S,6,1000,-2.532515,178,True,0.9,0.9,0.0001
TF0.333333W PBE,Li,UGBS_S,6,1000,-6.54294,263,True,0.9,0.9,0.0001
TF0.333333W PBE,Be,UGBS_S,6,1000,-13.053328,157,True,0.9,0.9,0.0001
TF0.333333W PBE,B,UGBS_S,6,1000,-22.235876,277,True,0.9,0.9,0.0001
TF0.333333W PBE,C,UGBS_S,6,1000,-34.346109,308,True,0.9,0.9,0.0001
TF0.333333W PBE,N,UGBS_S,6,1000,-49.574636,336,True,0.9,0.9,0.0001
TF0.333333W PBE,O,UGBS_S,6,1000,-68.79489,560,True,0.9,0.9,0.0001
TF0.333333W PBE,F,UGBS_S,6,1000,-91.506981,283,True,0.9,0.9,0.0001
TF0.333333W PBE,Ne,UGBS_S,6,1000,-117.993679,299,True,0.9,0.9,0.0001
TF0.333333W FA,H,UGBS_S,6,1000,-0.416983,82,True,0.9,0.9,0.0001
TF0.333333W FA,He,UGBS_S,6,1000,-2.489526,128,True,0.9,0.9,0.0001
TF0.333333W FA,Li,UGBS_S,6,1000,-6.299982,201,True,0.9,0.9,0.0001
TF0.333333W FA,Be,UGBS_S,6,1000,-12.460449,158,True,0.9,0.9,0.0001
TF0.333333W FA,B,UGBS_S,6,1000,-21.218778,212,True,0.9,0.9,0.0001
TF0.333333W FA,C,UGBS_S,6,1000,-32.829916,237,True,0.9,0.9,0.0001
TF0.333333W FA,N,UGBS_S,6,1000,-47.478821,334,True,0.9,0.9,0.0001
TF0.333333W FA,O,UGBS_S,6,1000,-65.882385,303,True,0.9,0.9,0.0001
TF0.333333W FA,F,UGBS_S,6,1000,-87.700287,306,True,0.9,0.9,0.0001
TF0.333333W FA,Ne,UGBS_S,6,1000,-113.234462,337,True,0.9,0.9,0.0001
TF0.2W LDA,H,UGBS_S,6,1000,-0.449396,110,True,0.9,0.9,0.0001
TF0.2W LDA,He,UGBS_S,6,1000,-2.818308,172,True,0.9,0.9,0.0001
TF0.2W LDA,Li,UGBS_S,6,1000,-7.291246,371,True,0.9,0.9,0.0001
TF0.2W LDA,Be,UGBS_S,6,1000,-14.484084,228,True,0.9,0.9,0.0001
TF0.2W LDA,B,UGBS_S,6,1000,-24.604654,479,True,0.9,0.9,0.0001
TF0.2W LDA,C,UGBS_S,6,1000,-37.909078,843,True,0.9,0.9,0.0001
TF0.2W LDA,N,UGBS_S,6,1000,-54.589045,792,True,0.9,0.9,0.0001
TF0.2W LDA,O,UGBS_S,6,1000,-75.47407,517,True,0.9,0.9,0.0001
TF0.2W LDA,F,UGBS_S,6,1000,-100.116184,564,True,0.9,0.9,0.0001
TF0.2W LDA,Ne,UGBS_S,6,1000,-128.801566,772,True,0.9,0.9,0.0001
TF0.2W PBE,H,UGBS_S,6,1000,-0.48807,97,True,0.9,0.9,0.0001
TF0.2W PBE,He,UGBS_S,6,1000,-2.957074,273,True,0.9,0.9,0.0001
TF0.2W PBE,Li,UGBS_S,6,1000,-7.520201,256,True,0.9,0.9,0.0001
TF0.2W PBE,Be,UGBS_S,6,1000,-14.818155,331,True,0.9,0.9,0.0001
TF0.2W PBE,B,UGBS_S,6,1000,-25.043286,500,True,0.9,0.9,0.0001
TF0.2W PBE,C,UGBS_S,6,1000,-38.454146,931,True,0.9,0.9,0.0001
TF0.2W PBE,N,UGBS_S,6,1000,-55.242778,497,True,0.9,0.9,0.0001
TF0.2W PBE,O,UGBS_S,6,1000,-76.253537,1344,True,0.9,0.9,0.0001
TF0.2W PBE,F,UGBS_S,6,1000,-101.020225,4658,True,0.9,0.9,0.0001
TF0.2W PBE,Ne,UGBS_S,6,1000,-129.829979,543,True,0.9,0.9,0.0001
TF0.2W FA,H,UGBS_S,6,1000,-0.477757,142,True,0.9,0.9,0.0001
TF0.2W FA,He,UGBS_S,6,1000,-2.889052,144,True,0.9,0.9,0.0001
TF0.2W FA,Li,UGBS_S,6,1000,-7.223393,231,True,0.9,0.9,0.0001
TF0.2W FA,Be,UGBS_S,6,1000,-14.123257,229,True,0.9,0.9,0.0001
TF0.2W FA,B,UGBS_S,6,1000,-23.884296,274,True,0.9,0.9,0.0001
TF0.2W FA,C,UGBS_S,6,1000,-36.758013,388,True,0.9,0.9,0.0001
TF0.2W FA,N,UGBS_S,6,1000,-52.928699,400,True,0.9,0.9,0.0001
TF0.2W FA,O,UGBS_S,6,1000,-73.056822,951,True,0.9,0.9,0.0001
TF0.2W FA,F,UGBS_S,6,1000,-96.868871,1832,True,0.9,0.9,0.0001
TF0.2W FA,Ne,UGBS_S,6,1000,-124.669607,391,True,0.9,0.9,0.0001
TF0.166666W LDA,H,UGBS_S,6,1000,-0.46877,113,True,0.9,0.9,0.0001
TF0.166666W LDA,He,UGBS_S,6,1000,-2.951216,200,True,0.9,0.9,0.0001
TF0.166666W LDA,Li,UGBS_S,6,1000,-7.599164,250,True,0.9,0.9,0.0001
TF0.166666W LDA,Be,UGBS_S,6,1000,-15.040403,296,True,0.9,0.9,0.0001
TF0.166666W LDA,B,UGBS_S,6,1000,-25.489132,763,True,0.9,0.9,0.0001
TF0.166666W LDA,C,UGBS_S,6,1000,-39.201764,586,True,0.9,0.9,0.0001
TF0.166666W LDA,N,UGBS_S,6,1000,-56.370353,4071,True,0.9,0.9,0.0001
TF0.166666W LDA,O,UGBS_S,6,1000,-77.815387,3417,True,0.9,0.9,0.0001
TF0.166666W LDA,F,UGBS_S,6,1000,-103.09921,6471,True,0.9,0.9,0.0001
TF0.166666W LDA,Ne,UGBS_S,6,1000,-132.508856,680,True,0.9,0.9,0.0001
TF0.166666W PBE,H,UGBS_S,6,1000,-0.509366,133,True,0.9,0.9,0.0001
TF0.166666W PBE,He,UGBS_S,6,1000,-3.097076,270,True,0.9,0.9,0.0001
TF0.166666W PBE,Li,UGBS_S,6,1000,-7.838804,346,True,0.9,0.9,0.0001
TF0.166666W PBE,Be,UGBS_S,6,1000,-15.388855,325,True,0.9,0.9,0.0001
TF0.166666W PBE,B,UGBS_S,6,1000,-25.945773,487,True,0.9,0.9,0.0001
TF0.166666W PBE,C,UGBS_S,6,1000,-39.768461,873,True,0.9,0.9,0.0001
TF0.166666W PBE,N,UGBS_S,6,1000,-57.049296,998,True,0.9,0.9,0.0001
TF0.166666W PBE,O,UGBS_S,6,1000,-78.623782,5007,True,0.9,0.9,0.0001
TF0.166666W PBE,F,UGBS_S,6,1000,-104.035946,2944,True,0.9,0.9,0.0001
TF0.166666W PBE,Ne,UGBS_S,6,1000,-133.573716,525,True,0.9,0.9,0.0001
TF0.166666W FA,H,UGBS_S,6,1000,-0.496992,107,True,0.9,0.9,0.0001
TF0.166666W FA,He,UGBS_S,6,1000,-3.019522,177,True,0.9,0.9,0.0001
TF0.166666W FA,Li,UGBS_S,6,1000,-7.523259,260,True,0.9,0.9,0.0001
TF0.166666W FA,Be,UGBS_S,6,1000,-14.660505,490,True,0.9,0.9,0.0001
TF0.166666W FA,B,UGBS_S,6,1000,-24.741194,464,True,0.9,0.9,0.0001
TF0.166666W FA,C,UGBS_S,6,1000,-38.015202,696,True,0.9,0.9,0.0001
TF0.166666W FA,N,UGBS_S,6,1000,-54.666523,525,True,0.9,0.9,0.0001
TF0.166666W FA,O,UGBS_S,6,1000,-75.339269,3806,True,0.9,0.9,0.0001
TF0.166666W FA,F,UGBS_S,6,1000,-99.779315,1304,True,0.9,0.9,0.0001
TF0.166666W FA,Ne,UGBS_S,6,1000,-128.291707,494,True,0.9,0.9,0.0001
TF0.111111W LDA,H,UGBS_S,6,1000,-0.507896,250,True,0.9,0.9,0.0001
TF0.111111W LDA,He,UGBS_S,6,1000,-3.222808,224,True,0.9,0.9,0.0001
TF0.111111W LDA,Li,UGBS_S,6,1000,-8.223685,2098,True,0.9,0.9,0.0001
TF0.111111W LDA,Be,UGBS_S,6,1000,-16.163144,448,True,0.9,0.9,0.0001
TF0.111111W LDA,B,UGBS_S,6,1000,-27.267375,1283,True,0.9,0.9,0.0001
TF0.111111W LDA,C,UGBS_S,6,1000,-41.792781,7545,True,0.9,0.9,0.0001
TF0.111111W LDA,N,UGBS_S,6,1000,-59.931895,1604,True,0.9,0.9,0.0001
TF0.111111W LDA,O,UGBS_S,6,1000,-82.488493,1153,True,0.9,0.9,0.0001
TF0.111111W LDA,Ne,UGBS_S,6,1000,-139.886664,1458,True,0.9,0.9,0.0001
TF0.111111W LDA,F,UGBS_S,6,1000,-109.044032,9847,True,0.99,0.9,0.0001
TF0.111111W PBE,H,UGBS_S,6,1000,-0.552329,178,True,0.9,0.9,0.0001
TF0.111111W PBE,He,UGBS_S,6,1000,-3.383279,349,True,0.9,0.9,0.0001
TF0.111111W PBE,Li,UGBS_S,6,1000,-8.485256,1202,True,0.9,0.9,0.0001
TF0.111111W PBE,Be,UGBS_S,6,1000,-16.541291,430,True,0.9,0.9,0.0001
TF0.111111W PBE,B,UGBS_S,6,1000,-27.760995,8228,True,0.9,0.9,0.0001
TF0.111111W PBE,C,UGBS_S,6,1000,-42.40379,6540,True,0.99,0.9,0.0001
TF0.111111W PBE,N,UGBS_S,6,1000,-60.662545,3992,True,0.99,0.99,0.0001
TF0.111111W FA,H,UGBS_S,6,1000,-0.535383,478,True,0.9,0.9,0.0001
TF0.111111W FA,He,UGBS_S,6,1000,-3.284537,156,True,0.9,0.9,0.0001
TF0.111111W FA,Li,UGBS_S,6,1000,-8.130332,538,True,0.9,0.9,0.0001
TF0.111111W FA,Be,UGBS_S,6,1000,-15.745337,379,True,0.9,0.9,0.0001
TF0.111111W FA,B,UGBS_S,6,1000,-26.465664,557,True,0.9,0.9,0.0001
TF0.111111W FA,C,UGBS_S,6,1000,-40.537668,4988,True,0.9,0.9,0.0001
TF0.111111W FA,N,UGBS_S,6,1000,-58.144747,2001,True,0.9,0.9,0.0001
TF0.111111W FA,O,UGBS_S,6,1000,-79.901408,1931,True,0.9,0.9,0.0001
TF0.111111W FA,F,UGBS_S,6,1000,-105.588562,1186,True,0.9,0.9,0.0001
TF0.111111W FA,Ne,UGBS_S,6,1000,-135.511318,1024,True,0.9,0.9,0.0001
TF0.111111W PBE,Ne,UGBS_S,6,1000,-141.026313,817,True,0.9,0.9,0.0001
TF0.111111W PBE,O,UGBS_S,6,1000,-83.356251,6304,True,0.99,0.9,9e-05
TF0.111111W PBE,F,UGBS_S,6,1000,-110.047836,6700,True,0.99,0.99,9e-05
TFW LDA,Na,UGBS_S,6,1000,-108.912083,284,True,0.9,0.9,9e-05
TFW LDA,Mg,UGBS_S,6,1000,-135.553609,237,True,0.9,0.9,9e-05
TFW LDA,Al,UGBS_S,6,1000,-165.669941,387,True,0.9,0.9,9e-05
TFW LDA,Si,UGBS_S,6,1000,-199.392286,517,True,0.9,0.9,9e-05
TFW LDA,P,UGBS_S,6,1000,-236.833553,342,True,0.9,0.9,9e-05
TFW LDA,S,UGBS_S,6,1000,-278.601238,575,True,0.9,0.9,9e-05
TFW LDA,Cl,UGBS_S,6,1000,-324.324636,443,True,0.9,0.9,9e-05
TFW LDA,Ar,UGBS_S,6,1000,-374.146432,239,True,0.9,0.9,9e-05
TFW LDA,K,UGBS_S,6,1000,-428.188235,444,True,0.9,0.9,9e-05
TFW LDA,Ca,UGBS_S,6,1000,-486.677236,279,True,0.9,0.9,9e-05
TFW LDA,Zn,UGBS_S,6,1000,-1334.052914,349,True,0.9,0.9,9e-05
TFW LDA,Kr,UGBS_S,6,1000,-2095.439764,1258,True,0.9,0.9,9e-05
TFW PBE,Na,UGBS_S,6,1000,-109.651463,290,True,0.9,0.9,9e-05
TFW PBE,Mg,UGBS_S,6,1000,-136.382297,180,True,0.9,0.9,9e-05
TFW PBE,Al,UGBS_S,6,1000,-166.588302,225,True,0.9,0.9,9e-05
TFW PBE,Si,UGBS_S,6,1000,-200.400917,383,True,0.9,0.9,9e-05
TFW PBE,P,UGBS_S,6,1000,-237.933265,768,True,0.9,0.9,9e-05
TFW PBE,S,UGBS_S,6,1000,-279.798321,443,True,0.9,0.9,9e-05
TFW PBE,Cl,UGBS_S,6,1000,-325.61928,362,True,0.9,0.9,9e-05
TFW PBE,Ar,UGBS_S,6,1000,-375.538832,376,True,0.9,0.9,9e-05
TFW PBE,K,UGBS_S,6,1000,-429.678591,374,True,0.9,0.9,9e-05
TFW PBE,Ca,UGBS_S,6,1000,-488.267505,260,True,0.9,0.9,9e-05
TFW PBE,Zn,UGBS_S,6,1000,-1336.686536,324,True,0.9,0.9,9e-05
TFW PBE,Kr,UGBS_S,6,1000,-2098.733095,1251,True,0.9,0.9,9e-05
TFW FA,Na,UGBS_S,6,1000,-105.226002,263,True,0.9,0.9,9e-05
TFW FA,Mg,UGBS_S,6,1000,-131.025067,316,True,0.9,0.9,9e-05
TFW FA,Al,UGBS_S,6,1000,-160.24193,327,True,0.9,0.9,9e-05
TFW FA,Si,UGBS_S,6,1000,-193.008025,370,True,0.9,0.9,9e-05
TFW FA,P,UGBS_S,6,1000,-229.434658,348,True,0.9,0.9,9e-05
TFW FA,S,UGBS_S,6,1000,-270.014427,430,True,0.9,0.9,9e-05
TFW FA,Cl,UGBS_S,6,1000,-314.492584,325,True,0.9,0.9,9e-05
TFW FA,Ar,UGBS_S,6,1000,-363.01658,241,True,0.9,0.9,9e-05
TFW FA,K,UGBS_S,6,1000,-415.710015,553,True,0.9,0.9,9e-05
TFW FA,Ca,UGBS_S,6,1000,-472.757119,287,True,0.9,0.9,9e-05
TFW FA,Cu,UGBS_S,6,1000,-1196.537708,1696,True,0.9,0.9,9e-05
TFW FA,Zn,UGBS_S,6,1000,-1302.039741,1351,True,0.9,0.9,9e-05
TFW FA,Kr,UGBS_S,6,1000,-2049.433009,3049,True,0.9,0.9,9e-05
TF0.333333W LDA,Na,UGBS_S,6,1000,-147.423156,4045,True,0.99,0.9,9e-05
TF0.333333W LDA,Mg,UGBS_S,6,1000,-181.989422,2190,True,0.99,0.9,9e-05
TF0.333333W LDA,Al,UGBS_S,6,1000,-220.842857,3091,True,0.99,0.9,9e-05
TF0.333333W LDA,Si,UGBS_S,6,1000,-264.117075,5504,True,0.99,0.9,9e-05
TF0.333333W LDA,P,UGBS_S,6,1000,-311.925851,4578,True,0.99,0.9,9e-05
TF0.333333W LDA,S,UGBS_S,6,1000,-364.75819,2899,True,0.99,0.9,9e-05
TF0.333333W LDA,Cl,UGBS_S,6,1000,-422.37124,6706,True,0.99,0.9,9e-05
TF0.333333W LDA,Ar,UGBS_S,6,1000,-484.916246,2120,True,0.99,0.9,9e-05
TF0.333333W LDA,K,UGBS_S,6,1000,-552.520707,5266,True,0.99,0.9,9e-05
TF0.333333W LDA,Ca,UGBS_S,6,1000,-625.36603,2297,True,0.99,0.9,9e-05
TF0.333333W LDA,Zn,UGBS_S,6,1000,-1662.037293,3120,True,0.99,0.9,9e-05
TF0.333333W LDA,Kr,UGBS_S,6,1000,-2577.394051,3914,True,0.99,0.9,9e-05
TF0.333333W PBE,Na,UGBS_S,6,1000,-148.454126,3197,True,0.99,0.9,9e-05
TF0.333333W PBE,Mg,UGBS_S,6,1000,-183.137203,2177,True,0.99,0.9,9e-05
TF0.333333W PBE,Al,UGBS_S,6,1000,-222.107058,3065,True,0.99,0.9,9e-05
TF0.333333W PBE,Si,UGBS_S,6,1000,-265.498027,4831,True,0.99,0.9,9e-05
TF0.333333W PBE,P,UGBS_S,6,1000,-313.424434,4530,True,0.99,0.9,9e-05
TF0.333333W PBE,S,UGBS_S,6,1000,-366.38163,2925,True,0.99,0.9,9e-05
TF0.333333W PBE,Ar,UGBS_S,6,1000,-486.7898,2508,True,0.99,0.9,9e-05
TF0.333333W PBE,K,UGBS_S,6,1000,-554.518805,9396,True,0.99,0.9,9e-05
TF0.333333W PBE,Ca,UGBS_S,6,1000,-627.491222,2334,True,0.99,0.9,9e-05
TF0.333333W PBE,Zn,UGBS_S,6,1000,-1665.473198,3199,True,0.99,0.9,9e-05
TF0.333333W PBE,Kr,UGBS_S,6,1000,-2581.649132,6701,True,0.99,0.9,9e-05
TF0.333333W FA,Mg,UGBS_S,6,1000,-176.244867,1858,True,0.99,0.9,9e-05
TF0.333333W FA,Al,UGBS_S,6,1000,-214.036249,2440,True,0.99,0.9,9e-05
TF0.333333W FA,Si,UGBS_S,6,1000,-256.195211,4307,True,0.99,0.9,9e-05
TF0.333333W FA,P,UGBS_S,6,1000,-302.831533,3629,True,0.99,0.9,9e-05
TF0.333333W FA,S,UGBS_S,6,1000,-354.272546,2898,True,0.99,0.9,9e-05
TF0.333333W FA,Cl,UGBS_S,6,1000,-410.442846,4512,True,0.99,0.9,9e-05
TF0.333333W FA,Ar,UGBS_S,6,1000,-471.497581,2363,True,0.99,0.9,9e-05
TF0.333333W FA,K,UGBS_S,6,1000,-537.564831,4741,True,0.99,0.9,9e-05
TF0.333333W FA,Ca,UGBS_S,6,1000,-608.769789,2228,True,0.99,0.9,9e-05
TF0.333333W FA,Cu,UGBS_S,6,1000,-1497.286394,4247,True,0.99,0.9,9e-05
TF0.333333W FA,Zn,UGBS_S,6,1000,-1625.252536,3170,True,0.99,0.9,9e-05
TF0.333333W FA,Kr,UGBS_S,6,1000,-2525.26037,6939,True,0.99,0.9,9e-05
TF0.333333W FA,Na,UGBS_S,6,1000,-142.690045,999,True,0.9,0.9,9e-05
TF0.2W LDA,Na,UGBS_S,6,1000,-161.732209,8178,True,0.9,0.9,9e-05
TF0.2W LDA,Mg,UGBS_S,6,1000,-199.138984,528,True,0.9,0.9,9e-05
TF0.2W LDA,Ar,UGBS_S,6,1000,-524.754841,787,True,0.9,0.9,9e-05
TF0.2W LDA,Ca,UGBS_S,6,1000,-674.929867,719,True,0.9,0.9,9e-05
TF0.2W LDA,Al,UGBS_S,6,1000,-241.106354,9011,True,0.99,0.9,0.0001
TF0.2W LDA,Si,UGBS_S,6,1000,-287.76744,8893,True,0.99,0.9,0.0001
TF0.2W LDA,P,UGBS_S,6,1000,-339.235807,5749,True,0.99,0.9,0.0001
TF0.2W LDA,K,UGBS_S,6,1000,-597.089205,7857,True,0.99,0.9,0.0001
TF0.2W LDA,Cl,UGBS_S,6,1000,-457.757749,10172,True,0.99,0.9,0.0001
TF0.2W LDA,Zn,UGBS_S,6,1000,-1776.651097,11647,True,0.99,0.9,0.0001
TF0.2W LDA,Kr,UGBS_S,6,1000,-2744.290909,11703,True,0.99,0.9,0.0001
TF0.2W PBE,Na,UGBS_S,6,1000,-162.884191,4206,True,0.99,0.9,0.0001
TF0.2W PBE,Mg,UGBS_S,6,1000,-200.419079,2207,True,0.99,0.9,0.0001
TF0.2W PBE,Si,UGBS_S,6,1000,-289.302316,8289,True,0.99,0.9,0.0001
TF0.2W PBE,P,UGBS_S,6,1000,-340.899147,4812,True,0.99,0.9,0.0001
TF0.2W PBE,S,UGBS_S,6,1000,-397.7684,8804,True,0.99,0.9,0.0001
TF0.2W PBE,Ar,UGBS_S,6,1000,-526.826944,2826,True,0.99,0.9,0.0001
TF0.2W PBE,Ca,UGBS_S,6,1000,-677.27562,4353,True,0.99,0.9,0.0001
TF0.2W PBE,Zn,UGBS_S,6,1000,-1780.41726,6748,True,0.99,0.9,0.0001
TF0.2W FA,Na,UGBS_S,6,1000,-156.665459,7097,True,0.99,0.9,0.0001
TF0.2W FA,Mg,UGBS_S,6,1000,-193.013833,2131,True,0.99,0.9,0.0001
TF0.2W FA,Al,UGBS_S,6,1000,-233.874058,4020,True,0.99,0.9,0.0001
TF0.2W FA,Si,UGBS_S,6,1000,-279.37591,14214,True,0.99,0.9,0.0001
TF0.2W FA,P,UGBS_S,6,1000,-329.628312,14263,True,0.99,0.9,0.0001
TF0.2W FA,S,UGBS_S,6,1000,-384.915848,6862,True,0.99,0.9,0.0001
TF0.2W FA,Ar,UGBS_S,6,1000,-510.665243,2545,True,0.99,0.9,0.0001
TF0.2W FA,K,UGBS_S,6,1000,-581.412138,7274,True,0.99,0.9,0.0001
TF0.2W FA,Ca,UGBS_S,6,1000,-657.560358,3458,True,0.99,0.9,0.0001
TF0.2W FA,Zn,UGBS_S,6,1000,-1738.551858,4058,True,0.99,0.9,0.0001
TF0.2W FA,Kr,UGBS_S,6,1000,-2690.499851,5501,True,0.99,0.9,0.0001
TF0.166666W LDA,Mg,UGBS_S,6,1000,-204.540681,602,True,0.9,0.9,0.0001
TF0.166666W LDA,Ar,UGBS_S,6,1000,-537.20876,3134,True,0.9,0.9,0.0001
TF0.166666W LDA,Ca,UGBS_S,6,1000,-690.396265,1254,True,0.9,0.9,0.0001
TF0.166666W LDA,Na,UGBS_S,6,1000,-166.247018,3956,True,0.99,0.9,0.0001
TF0.166666W LDA,Al,UGBS_S,6,1000,-247.478726,6369,True,0.99,0.9,0.0001
TF0.166666W LDA,P,UGBS_S,6,1000,-347.79995,3755,True,0.99,0.9,0.0001
TF0.166666W LDA,Zn,UGBS_S,6,1000,-1812.192488,9684,True,0.99,0.9,0.0001
TF0.166666W FA,Mg,UGBS_S,6,1000,-198.305386,2226,True,0.99,0.9,9e-05
TF0.166666W FA,Al,UGBS_S,6,1000,-240.123724,7030,True,0.99,0.9,9e-05
TF0.166666W FA,Si,UGBS_S,6,1000,-286.667497,6817,True,0.99,0.9,9e-05
TF0.166666W FA,P,UGBS_S,6,1000,-338.045378,7631,True,0.99,0.9,9e-05
TF0.166666W FA,S,UGBS_S,6,1000,-394.530559,5383,True,0.99,0.9,9e-05
TF0.166666W FA,Ar,UGBS_S,6,1000,-522.928926,3056,True,0.99,0.9,9e-05
TF0.166666W FA,K,UGBS_S,6,1000,-595.12759,7430,True,0.99,0.9,9e-05
TF0.166666W FA,Ca,UGBS_S,6,1000,-672.808485,3973,True,0.99,0.9,9e-05
TF0.166666W FA,Zn,UGBS_S,6,1000,-1773.727671,4525,True,0.99,0.9,9e-05
TF0.166666W FA,Kr,UGBS_S,6,1000,-2741.665221,7551,True,0.99,0.9,9e-05
TF0.166666W PBE,Na,UGBS_S,6,1000,-167.439022,8494,True,0.99,0.99,9e-05
TF0.166666W PBE,Mg,UGBS_S,6,1000,-205.864548,3804,True,0.99,0.99,9e-05
TF0.166666W PBE,Si,UGBS_S,6,1000,-296.779753,4454,True,0.99,0.99,9e-05
TF0.166666W PBE,P,UGBS_S,6,1000,-349.517759,11402,True,0.99,0.99,9e-05
TF0.166666W PBE,Ar,UGBS_S,6,1000,-539.346529,3830,True,0.99,0.99,9e-05
TF0.166666W PBE,Ca,UGBS_S,6,1000,-692.81497,9930,True,0.99,0.99,9e-05
TF0.166666W PBE,Zn,UGBS_S,6,1000,-1816.067936,7339,True,0.99,0.99,9e-05
TF0.111111W FA,Mg,UGBS_S,6,1000,-208.826727,3682,True,0.99,0.9,9e-05
TF0.111111W FA,Ar,UGBS_S,6,1000,-547.190764,4570,True,0.99,0.9,9e-05
TF0.111111W FA,Na,UGBS_S,6,1000,-169.876758,9743,True,0.99,0.99,9e-05
TF0.111111W FA,Al,UGBS_S,6,1000,-252.536872,5856,True,0.99,0.9,5e-05
TF0.111111W FA,S,UGBS_S,6,1000,-413.577377,8321,True,0.99,0.9,9e-05
TF0.111111W FA,Ca,UGBS_S,6,1000,-702.938291,5212,True,0.99,0.9,9e-05
TF0.111111W FA,Zn,UGBS_S,6,1000,-1842.94024,6431,True,0.99,0.9,9e-05
TF0.111111W FA,Kr,UGBS_S,6,1000,-2842.167575,7460,True,0.99,0.9,9e-05
TF0.111111W FA,Si,UGBS_S,6,1000,-301.135691,5498,True,0.99,0.9,2e-05
TF0.111111W FA,P,UGBS_S,6,1000,-354.731372,11596,True,0.99,0.99,2e-05
TF0.2W FA,Cl,UGBS_S,6,1000,-445.209435,4560,True,0.99,0.9,3e-05
TF0.166666W FA,Cl,UGBS_S,6,1000,-456.106275,10340,True,0.99,0.9,3e-05
TF0.111111W LDA,Na,UGBS_S,6,1000,-175.22039,4870,True,0.99,0.99,3e-05
TF0.111111W LDA,Mg,UGBS_S,6,1000,-215.265035,4402,True,0.99,0.99,3e-05
TF0.111111W LDA,Al,UGBS_S,6,1000,-260.117429,14370,True,0.99,0.99,3e-05
TF0.111111W LDA,Si,UGBS_S,6,1000,-309.909768,8732,True,0.99,0.9,5e-05
TF0.111111W LDA,P,UGBS_S,6,1000,-364.75532,13406,True,0.99,0.99,5e-05
TF0.2W PBE,Cl,UGBS_S,6,1000,-459.69362,8127,True,0.99,0.9,9e-05
TF0.333333W PBE,Cl,UGBS_S,6,1000,-424.11979,5915,True,0.99,0.9,9e-05
TF0.2W PBE,Kr,UGBS_S,6,1000,-2748.941834,7275,True,0.99,0.99,7e-05
TF0.166666W PBE,Kr,UGBS_S,6,1000,-2800.696588,14066,True,0.99,0.9,9e-05
TF0.2W LDA,S,UGBS_S,6,1000,-395.968957,6815,True,0.99,0.99,0.0001
TF0.166666W PBE,S,UGBS_S,6,1000,-407.60323,6614,True,0.99,0.9,9e-05
TF0.166666W LDA,S,UGBS_S,6,1000,-405.745598,8752,True,0.99,0.99,9e-05
TF0.2W PBE,Al,UGBS_S,6,1000,-242.513713,12168,True,0.99,0.99,9e-05
TF0.166666W PBE,Al,UGBS_S,6,1000,-248.933421,12998,True,0.99,0.99,9e-05
TF0.166666W LDA,Si,UGBS_S,6,1000,-295.193987,14155,True,0.99,0.99,9e-05
TF0.166666W LDA,Kr,UGBS_S,6,1000,-2795.914635,6974,True,0.99,0.99,9e-05
TF0.166666W FA,Na,UGBS_S,6,1000,-161.083133,6719,True,0.99,0.99,9e-05
TF0.166666W LDA,Cl,UGBS_S,6,1000,-468.830862,5116,True,0.99,0.99,0.0001
TF0.166666W PBE,Cl,UGBS_S,6,1000,-470.828673,11818,True,0.99,0.99,0.0001
TF0.166666W LDA,K,UGBS_S,6,1000,-611.008714,11470,True,0.99,0.99,0.0001
TF0.111111W LDA,Ar,UGBS_S,6,1000,-561.816447,5442,True,0.99,0.99,0.0001
TF0.111111W LDA,Ca,UGBS_S,6,1000,-720.92171,6140,True,0.99,0.99,0.0001
TF0.111111W LDA,Zn,UGBS_S,6,1000,-1882.061216,11354,True,0.99,0.99,0.0001
TF0.111111W LDA,Kr,UGBS_S,6,1000,-2897.236588,7295,True,0.99,0.99,0.0001
TF0.111111W PBE,Mg,UGBS_S,6,1000,-216.678698,5602,True,0.99,0.99,0.0001
TF0.111111W PBE,Ar,UGBS_S,6,1000,-564.088988,14447,True,0.99,0.99,0.0001
TF0.111111W PBE,Ca,UGBS_S,6,1000,-723.49015,8602,True,0.99,0.99,0.0001
TF0.111111W PBE,Na,UGBS_S,6,1000,-176.494488,18189,True,0.99,0.99,0.0001
TF0.111111W PBE,Al,UGBS_S,6,1000,-261.669232,15108,True,0.99,0.99,0.0001
TF0.111111W PBE,Zn,UGBS_S,6,1000,-1886.161085,32602,True,0.99,0.9,0.0001
TF0.111111W PBE,Kr,UGBS_S,6,1000,-2902.287682,12238,True,0.99,0.9,0.0001
TF0.111111W PBE,Si,UGBS_S,6,1000,-311.599918,8866,True,0.99,0.9,0.001
TF0.111111W PBE,P,UGBS_S,6,1000,-366.584858,8488,True,0.99,0.9,0.001
TF0.111111W LDA,S,UGBS_S,6,1000,-425.088095,12115,True,0.99,0.99,0.001
TF0.111111W PBE,S,UGBS_S,6,1000,-427.065091,28280,True,0.99,0.99,0.001
TF0.111111W FA,Cl,UGBS_S,6,1000,-477.678247,40628,True,0.99,0.99,0.001
TF0.111111W PBE,Cl,UGBS_S,6,1000,-492.84883,7216,True,0.99,0.9,0.001
TF0.111111W LDA,Cl,UGBS_S,6,1000,-490.723933,5605,True,0.99,0.9,0.001
